filename,type,time,public_url
1000.jpg,car,00:41,https://tpgyjmwkfofcibihtdhl.supabase.co/storage/v1/object/public/cars/1000.jpg?
1003.jpg,car,05:04,https://tpgyjmwkfofcibihtdhl.supabase.co/storage/v1/object/public/cars/1003.jpg?
1008.jpg,car,13:33,https://tpgyjmwkfofcibihtdhl.supabase.co/storage/v1/object/public/cars/1008.jpg?
1020.jpg,car,02:26,https://tpgyjmwkfofcibihtdhl.supabase.co/storage/v1/object/public/cars/1020.jpg?
1022.jpg,car,05:16,https://tpgyjmwkfofcibihtdhl.supabase.co/storage/v1/object/public/cars/1022.jpg?
1025.jpg,car,21:01,https://tpgyjmwkfofcibihtdhl.supabase.co/storage/v1/object/public/cars/1025.jpg?
1027.jpg,car,16:59,https://tpgyjmwkfofcibihtdhl.supabase.co/storage/v1/object/public/cars/1027.jpg?
1038.jpg,car,23:02,https://tpgyjmwkfofcibihtdhl.supabase.co/storage/v1/object/public/cars/1038.jpg?
104.jpg,car,16:02,https://tpgyjmwkfofcibihtdhl.supabase.co/storage/v1/object/public/cars/104.jpg?
1043.jpg,car,22:46,https://tpgyjmwkfofcibihtdhl.supabase.co/storage/v1/object/public/cars/1043.jpg?
1051.jpg,car,03:05,https://tpgyjmwkfofcibihtdhl.supabase.co/storage/v1/object/public/cars/1051.jpg?
1059.jpg,car,04:06,https://tpgyjmwkfofcibihtdhl.supabase.co/storage/v1/object/public/cars/1059.jpg?
1060.jpg,car,19:25,https://tpgyjmwkfofcibihtdhl.supabase.co/storage/v1/object/public/cars/1060.jpg?
1064.jpg,car,03:52,https://tpgyjmwkfofcibihtdhl.supabase.co/storage/v1/object/public/cars/1064.jpg?
1066.jpg,car,12:41,https://tpgyjmwkfofcibihtdhl.supabase.co/storage/v1/object/public/cars/1066.jpg?
1072.jpg,car,03:56,https://tpgyjmwkfofcibihtdhl.supabase.co/storage/v1/object/public/cars/1072.jpg?
1073.jpg,car,12:00,https://tpgyjmwkfofcibihtdhl.supabase.co/storage/v1/object/public/cars/1073.jpg?
1080.jpg,car,23:36,https://tpgyjmwkfofcibihtdhl.supabase.co/storage/v1/object/public/cars/1080.jpg?
1084.jpg,car,08:50,https://tpgyjmwkfofcibihtdhl.supabase.co/storage/v1/object/public/cars/1084.jpg?
1085.jpg,car,09:00,https://tpgyjmwkfofcibihtdhl.supabase.co/storage/v1/object/public/cars/1085.jpg?
1086.jpg,car,12:43,https://tpgyjmwkfofcibihtdhl.supabase.co/storage/v1/object/public/cars/1086.jpg?
109.jpg,car,01:38,https://tpgyjmwkfofcibihtdhl.supabase.co/storage/v1/object/public/cars/109.jpg?
1093.jpg,car,19:21,https://tpgyjmwkfofcibihtdhl.supabase.co/storage/v1/object/public/cars/1093.jpg?
1094.jpg,car,02:01,https://tpgyjmwkfofcibihtdhl.supabase.co/storage/v1/object/public/cars/1094.jpg?
1101.jpg,car,11:52,https://tpgyjmwkfofcibihtdhl.supabase.co/storage/v1/object/public/cars/1101.jpg?
1103.jpg,car,16:49,https://tpgyjmwkfofcibihtdhl.supabase.co/storage/v1/object/public/cars/1103.jpg?
1107.jpg,car,17:48,https://tpgyjmwkfofcibihtdhl.supabase.co/storage/v1/object/public/cars/1107.jpg?
1117.jpg,car,22:54,https://tpgyjmwkfofcibihtdhl.supabase.co/storage/v1/object/public/cars/1117.jpg?
1202.jpg,car,08:33,https://tpgyjmwkfofcibihtdhl.supabase.co/storage/v1/object/public/cars/1202.jpg?
1204.jpg,car,12:23,https://tpgyjmwkfofcibihtdhl.supabase.co/storage/v1/object/public/cars/1204.jpg?
1208.jpg,car,18:18,https://tpgyjmwkfofcibihtdhl.supabase.co/storage/v1/object/public/cars/1208.jpg?
1218.jpg,car,20:25,https://tpgyjmwkfofcibihtdhl.supabase.co/storage/v1/object/public/cars/1218.jpg?
1220.jpg,car,15:54,https://tpgyjmwkfofcibihtdhl.supabase.co/storage/v1/object/public/cars/1220.jpg?
1222.jpg,car,07:18,https://tpgyjmwkfofcibihtdhl.supabase.co/storage/v1/object/public/cars/1222.jpg?
1224.jpg,car,16:01,https://tpgyjmwkfofcibihtdhl.supabase.co/storage/v1/object/public/cars/1224.jpg?
1227.jpg,car,04:13,https://tpgyjmwkfofcibihtdhl.supabase.co/storage/v1/object/public/cars/1227.jpg?
1228.jpg,car,14:41,https://tpgyjmwkfofcibihtdhl.supabase.co/storage/v1/object/public/cars/1228.jpg?
1235.jpg,car,21:31,https://tpgyjmwkfofcibihtdhl.supabase.co/storage/v1/object/public/cars/1235.jpg?
1241.jpg,car,06:36,https://tpgyjmwkfofcibihtdhl.supabase.co/storage/v1/object/public/cars/1241.jpg?
1255.jpg,car,10:12,https://tpgyjmwkfofcibihtdhl.supabase.co/storage/v1/object/public/cars/1255.jpg?
1262.jpg,car,05:44,https://tpgyjmwkfofcibihtdhl.supabase.co/storage/v1/object/public/cars/1262.jpg?
1272.jpg,car,07:31,https://tpgyjmwkfofcibihtdhl.supabase.co/storage/v1/object/public/cars/1272.jpg?
1274.jpg,car,07:20,https://tpgyjmwkfofcibihtdhl.supabase.co/storage/v1/object/public/cars/1274.jpg?
1275.jpg,car,02:15,https://tpgyjmwkfofcibihtdhl.supabase.co/storage/v1/object/public/cars/1275.jpg?
1279.jpg,car,00:03,https://tpgyjmwkfofcibihtdhl.supabase.co/storage/v1/object/public/cars/1279.jpg?
1282.jpg,car,10:24,https://tpgyjmwkfofcibihtdhl.supabase.co/storage/v1/object/public/cars/1282.jpg?
1283.jpg,car,08:33,https://tpgyjmwkfofcibihtdhl.supabase.co/storage/v1/object/public/cars/1283.jpg?
1284.jpg,car,18:35,https://tpgyjmwkfofcibihtdhl.supabase.co/storage/v1/object/public/cars/1284.jpg?
1287.jpg,car,10:43,https://tpgyjmwkfofcibihtdhl.supabase.co/storage/v1/object/public/cars/1287.jpg?
1291.jpg,car,12:09,https://tpgyjmwkfofcibihtdhl.supabase.co/storage/v1/object/public/cars/1291.jpg?
1292.jpg,car,21:18,https://tpgyjmwkfofcibihtdhl.supabase.co/storage/v1/object/public/cars/1292.jpg?
1297.jpg,car,22:38,https://tpgyjmwkfofcibihtdhl.supabase.co/storage/v1/object/public/cars/1297.jpg?
1309.jpg,car,10:38,https://tpgyjmwkfofcibihtdhl.supabase.co/storage/v1/object/public/cars/1309.jpg?
1310.jpg,car,13:00,https://tpgyjmwkfofcibihtdhl.supabase.co/storage/v1/object/public/cars/1310.jpg?
1317.jpg,car,07:38,https://tpgyjmwkfofcibihtdhl.supabase.co/storage/v1/object/public/cars/1317.jpg?
1330.jpg,car,19:22,https://tpgyjmwkfofcibihtdhl.supabase.co/storage/v1/object/public/cars/1330.jpg?
1332.jpg,car,07:43,https://tpgyjmwkfofcibihtdhl.supabase.co/storage/v1/object/public/cars/1332.jpg?
1333.jpg,car,08:05,https://tpgyjmwkfofcibihtdhl.supabase.co/storage/v1/object/public/cars/1333.jpg?
1335.jpg,car,15:53,https://tpgyjmwkfofcibihtdhl.supabase.co/storage/v1/object/public/cars/1335.jpg?
1336.jpg,car,16:12,https://tpgyjmwkfofcibihtdhl.supabase.co/storage/v1/object/public/cars/1336.jpg?
134.jpg,car,16:07,https://tpgyjmwkfofcibihtdhl.supabase.co/storage/v1/object/public/cars/134.jpg?
1347.jpg,car,09:13,https://tpgyjmwkfofcibihtdhl.supabase.co/storage/v1/object/public/cars/1347.jpg?
135.jpg,car,17:44,https://tpgyjmwkfofcibihtdhl.supabase.co/storage/v1/object/public/cars/135.jpg?
138.jpg,car,14:58,https://tpgyjmwkfofcibihtdhl.supabase.co/storage/v1/object/public/cars/138.jpg?
141.jpg,car,05:44,https://tpgyjmwkfofcibihtdhl.supabase.co/storage/v1/object/public/cars/141.jpg?
163.jpg,car,02:39,https://tpgyjmwkfofcibihtdhl.supabase.co/storage/v1/object/public/cars/163.jpg?
167.jpg,car,08:27,https://tpgyjmwkfofcibihtdhl.supabase.co/storage/v1/object/public/cars/167.jpg?
176.jpg,car,12:29,https://tpgyjmwkfofcibihtdhl.supabase.co/storage/v1/object/public/cars/176.jpg?
187.jpg,car,20:03,https://tpgyjmwkfofcibihtdhl.supabase.co/storage/v1/object/public/cars/187.jpg?
190.jpg,car,03:34,https://tpgyjmwkfofcibihtdhl.supabase.co/storage/v1/object/public/cars/190.jpg?
195.jpg,car,10:28,https://tpgyjmwkfofcibihtdhl.supabase.co/storage/v1/object/public/cars/195.jpg?
205.jpg,car,02:49,https://tpgyjmwkfofcibihtdhl.supabase.co/storage/v1/object/public/cars/205.jpg?
209.jpg,car,01:52,https://tpgyjmwkfofcibihtdhl.supabase.co/storage/v1/object/public/cars/209.jpg?
213.jpg,car,00:47,https://tpgyjmwkfofcibihtdhl.supabase.co/storage/v1/object/public/cars/213.jpg?
216.jpg,car,17:41,https://tpgyjmwkfofcibihtdhl.supabase.co/storage/v1/object/public/cars/216.jpg?
222.jpg,car,03:07,https://tpgyjmwkfofcibihtdhl.supabase.co/storage/v1/object/public/cars/222.jpg?
23.jpg,car,13:39,https://tpgyjmwkfofcibihtdhl.supabase.co/storage/v1/object/public/cars/23.jpg?
230.jpg,car,10:22,https://tpgyjmwkfofcibihtdhl.supabase.co/storage/v1/object/public/cars/230.jpg?
231.jpg,car,18:58,https://tpgyjmwkfofcibihtdhl.supabase.co/storage/v1/object/public/cars/231.jpg?
232.jpg,car,17:57,https://tpgyjmwkfofcibihtdhl.supabase.co/storage/v1/object/public/cars/232.jpg?
236.jpg,car,06:55,https://tpgyjmwkfofcibihtdhl.supabase.co/storage/v1/object/public/cars/236.jpg?
253.jpg,car,03:44,https://tpgyjmwkfofcibihtdhl.supabase.co/storage/v1/object/public/cars/253.jpg?
257.jpg,car,08:11,https://tpgyjmwkfofcibihtdhl.supabase.co/storage/v1/object/public/cars/257.jpg?
259.jpg,car,16:25,https://tpgyjmwkfofcibihtdhl.supabase.co/storage/v1/object/public/cars/259.jpg?
276.jpg,car,19:24,https://tpgyjmwkfofcibihtdhl.supabase.co/storage/v1/object/public/cars/276.jpg?
279.jpg,car,23:12,https://tpgyjmwkfofcibihtdhl.supabase.co/storage/v1/object/public/cars/279.jpg?
284.jpg,car,13:56,https://tpgyjmwkfofcibihtdhl.supabase.co/storage/v1/object/public/cars/284.jpg?
290.jpg,car,15:46,https://tpgyjmwkfofcibihtdhl.supabase.co/storage/v1/object/public/cars/290.jpg?
303.jpg,car,11:10,https://tpgyjmwkfofcibihtdhl.supabase.co/storage/v1/object/public/cars/303.jpg?
308.jpg,car,14:20,https://tpgyjmwkfofcibihtdhl.supabase.co/storage/v1/object/public/cars/308.jpg?
312.jpg,car,00:50,https://tpgyjmwkfofcibihtdhl.supabase.co/storage/v1/object/public/cars/312.jpg?
313.jpg,car,14:27,https://tpgyjmwkfofcibihtdhl.supabase.co/storage/v1/object/public/cars/313.jpg?
316.jpg,car,08:30,https://tpgyjmwkfofcibihtdhl.supabase.co/storage/v1/object/public/cars/316.jpg?
321.jpg,car,09:05,https://tpgyjmwkfofcibihtdhl.supabase.co/storage/v1/object/public/cars/321.jpg?
349.jpg,car,11:47,https://tpgyjmwkfofcibihtdhl.supabase.co/storage/v1/object/public/cars/349.jpg?
355.jpg,car,04:37,https://tpgyjmwkfofcibihtdhl.supabase.co/storage/v1/object/public/cars/355.jpg?
356.jpg,car,17:10,https://tpgyjmwkfofcibihtdhl.supabase.co/storage/v1/object/public/cars/356.jpg?
360.jpg,car,17:44,https://tpgyjmwkfofcibihtdhl.supabase.co/storage/v1/object/public/cars/360.jpg?
364.jpg,car,21:14,https://tpgyjmwkfofcibihtdhl.supabase.co/storage/v1/object/public/cars/364.jpg?
382.jpg,car,00:03,https://tpgyjmwkfofcibihtdhl.supabase.co/storage/v1/object/public/cars/382.jpg?
